"filename", "language", "C#", "XML", "JSON", "ASP.NET Razor", "CSS", "Properties", "JavaScript", "Markdown", "comment", "blank", "total"
"c:\Users\Ruix-Xuan Rao\Documents\OOAD\AnaysisModel.Tests\AnalysisModuletest.cs", "C#", 67, 0, 0, 0, 0, 0, 0, 0, 2, 13, 82
"c:\Users\Ruix-Xuan Rao\Documents\OOAD\AnaysisModel.Tests\AnalysisServicetest.cs", "C#", 75, 0, 0, 0, 0, 0, 0, 0, 9, 20, 104
"c:\Users\Ruix-Xuan Rao\Documents\OOAD\AnaysisModel.Tests\AnaysisModel.Tests.csproj", "XML", 0, 23, 0, 0, 0, 0, 0, 0, 0, 7, 30
"c:\Users\Ruix-Xuan Rao\Documents\OOAD\AnaysisModel.Tests\GrowthPredictiontest.cs", "C#", 65, 0, 0, 0, 0, 0, 0, 0, 21, 26, 112
"c:\Users\Ruix-Xuan Rao\Documents\OOAD\AnaysisModel.Tests\ROIPredictiontest.cs", "C#", 55, 0, 0, 0, 0, 0, 0, 0, 15, 15, 85
"c:\Users\Ruix-Xuan Rao\Documents\OOAD\AnaysisModel.Tests\Reporttest.cs", "C#", 84, 0, 0, 0, 0, 0, 0, 0, 9, 16, 109
"c:\Users\Ruix-Xuan Rao\Documents\OOAD\AnaysisModel.Tests\TestResults\05030151-ac10-4ce2-bdaf-5cb49ddbd5c3\coverage.cobertura.xml", "XML", 0, 1096, 0, 0, 0, 0, 0, 0, 0, 0, 1096
"c:\Users\Ruix-Xuan Rao\Documents\OOAD\AnaysisModel.Tests\TestResults\4d03f7a5-b470-44a0-b648-0a3445bf6a32\coverage.cobertura.xml", "XML", 0, 1096, 0, 0, 0, 0, 0, 0, 0, 0, 1096
"c:\Users\Ruix-Xuan Rao\Documents\OOAD\AnaysisModel.Tests\TestResults\57af37f3-07f6-4ce2-93f1-37bd40feb76a\coverage.cobertura.xml", "XML", 0, 1096, 0, 0, 0, 0, 0, 0, 0, 0, 1096
"c:\Users\Ruix-Xuan Rao\Documents\OOAD\AnaysisModel.Tests\TestResults\9fa9b507-e9f5-42d8-bf7a-09572c37bf7e\coverage.cobertura.xml", "XML", 0, 1096, 0, 0, 0, 0, 0, 0, 0, 0, 1096
"c:\Users\Ruix-Xuan Rao\Documents\OOAD\AnaysisModel.Tests\bin\Debug\net8.0\AnaysisModel.Tests.deps.json", "JSON", 0, 0, 593, 0, 0, 0, 0, 0, 0, 0, 593
"c:\Users\Ruix-Xuan Rao\Documents\OOAD\AnaysisModel.Tests\bin\Debug\net8.0\AnaysisModel.Tests.runtimeconfig.json", "JSON", 0, 0, 18, 0, 0, 0, 0, 0, 0, 0, 18
"c:\Users\Ruix-Xuan Rao\Documents\OOAD\AnaysisModel.Tests\bin\Debug\net8.0\AnaysisModel.deps.json", "JSON", 0, 0, 86, 0, 0, 0, 0, 0, 0, 0, 86
"c:\Users\Ruix-Xuan Rao\Documents\OOAD\AnaysisModel.Tests\bin\Debug\net8.0\AnaysisModel.runtimeconfig.json", "JSON", 0, 0, 19, 0, 0, 0, 0, 0, 0, 0, 19
"c:\Users\Ruix-Xuan Rao\Documents\OOAD\AnaysisModel.Tests\bin\Debug\net8.0\AnaysisModel.staticwebassets.runtime.json", "JSON", 0, 0, 1, 0, 0, 0, 0, 0, 0, 0, 1
"c:\Users\Ruix-Xuan Rao\Documents\OOAD\AnaysisModel.Tests\bin\Debug\net8.0\appsettings.Development.json", "JSON", 0, 0, 9, 0, 0, 0, 0, 0, 0, 1, 10
"c:\Users\Ruix-Xuan Rao\Documents\OOAD\AnaysisModel.Tests\bin\Debug\net8.0\appsettings.json", "JSON", 0, 0, 9, 0, 0, 0, 0, 0, 0, 1, 10
"c:\Users\Ruix-Xuan Rao\Documents\OOAD\AnaysisModel.Tests\obj\AnaysisModel.Tests.csproj.nuget.dgspec.json", "JSON", 0, 0, 183, 0, 0, 0, 0, 0, 0, 0, 183
"c:\Users\Ruix-Xuan Rao\Documents\OOAD\AnaysisModel.Tests\obj\AnaysisModel.Tests.csproj.nuget.g.props", "XML", 0, 26, 0, 0, 0, 0, 0, 0, 0, 0, 26
"c:\Users\Ruix-Xuan Rao\Documents\OOAD\AnaysisModel.Tests\obj\AnaysisModel.Tests.csproj.nuget.g.targets", "XML", 0, 10, 0, 0, 0, 0, 0, 0, 0, 0, 10
"c:\Users\Ruix-Xuan Rao\Documents\OOAD\AnaysisModel.Tests\obj\Debug\net8.0\.NETCoreApp,Version=v8.0.AssemblyAttributes.cs", "C#", 3, 0, 0, 0, 0, 0, 0, 0, 1, 1, 5
"c:\Users\Ruix-Xuan Rao\Documents\OOAD\AnaysisModel.Tests\obj\Debug\net8.0\AnaysisModel.Tests.AssemblyInfo.cs", "C#", 9, 0, 0, 0, 0, 0, 0, 0, 9, 5, 23
"c:\Users\Ruix-Xuan Rao\Documents\OOAD\AnaysisModel.Tests\obj\Debug\net8.0\AnaysisModel.Tests.GeneratedMSBuildEditorConfig.editorconfig", "Properties", 0, 0, 0, 0, 0, 13, 0, 0, 0, 1, 14
"c:\Users\Ruix-Xuan Rao\Documents\OOAD\AnaysisModel.Tests\obj\Debug\net8.0\AnaysisModel.Tests.GlobalUsings.g.cs", "C#", 8, 0, 0, 0, 0, 0, 0, 0, 1, 1, 10
"c:\Users\Ruix-Xuan Rao\Documents\OOAD\AnaysisModel.Tests\obj\Debug\net8.0\AnaysisModel.Tests.sourcelink.json", "JSON", 0, 0, 1, 0, 0, 0, 0, 0, 0, 0, 1
"c:\Users\Ruix-Xuan Rao\Documents\OOAD\AnaysisModel.Tests\obj\project.assets.json", "JSON", 0, 0, 1424, 0, 0, 0, 0, 0, 0, 0, 1424
"c:\Users\Ruix-Xuan Rao\Documents\OOAD\AnaysisModel\AnalysisModule.cs", "C#", 53, 0, 0, 0, 0, 0, 0, 0, 6, 12, 71
"c:\Users\Ruix-Xuan Rao\Documents\OOAD\AnaysisModel\AnalysisService.cs", "C#", 66, 0, 0, 0, 0, 0, 0, 0, 4, 13, 83
"c:\Users\Ruix-Xuan Rao\Documents\OOAD\AnaysisModel\AnaysisModel.csproj", "XML", 0, 13, 0, 0, 0, 0, 0, 0, 0, 3, 16
"c:\Users\Ruix-Xuan Rao\Documents\OOAD\AnaysisModel\GrowthPrediction.cs", "C#", 14, 0, 0, 0, 0, 0, 0, 0, 0, 6, 20
"c:\Users\Ruix-Xuan Rao\Documents\OOAD\AnaysisModel\IAnalysisModule.cs", "C#", 7, 0, 0, 0, 0, 0, 0, 0, 0, 0, 7
"c:\Users\Ruix-Xuan Rao\Documents\OOAD\AnaysisModel\IPredictionEngine.cs", "C#", 9, 0, 0, 0, 0, 0, 0, 0, 0, 1, 10
"c:\Users\Ruix-Xuan Rao\Documents\OOAD\AnaysisModel\Pages\Error.cshtml", "ASP.NET Razor", 0, 0, 0, 25, 0, 0, 0, 0, 0, 4, 29
"c:\Users\Ruix-Xuan Rao\Documents\OOAD\AnaysisModel\Pages\Error.cshtml.cs", "C#", 20, 0, 0, 0, 0, 0, 0, 0, 0, 8, 28
"c:\Users\Ruix-Xuan Rao\Documents\OOAD\AnaysisModel\Pages\Index.cshtml", "ASP.NET Razor", 0, 0, 0, 30, 0, 0, 0, 0, 0, 4, 34
"c:\Users\Ruix-Xuan Rao\Documents\OOAD\AnaysisModel\Pages\Index.cshtml.cs", "C#", 24, 0, 0, 0, 0, 0, 0, 0, 0, 8, 32
"c:\Users\Ruix-Xuan Rao\Documents\OOAD\AnaysisModel\Pages\Privacy.cshtml", "ASP.NET Razor", 0, 0, 0, 7, 0, 0, 0, 0, 0, 2, 9
"c:\Users\Ruix-Xuan Rao\Documents\OOAD\AnaysisModel\Pages\Privacy.cshtml.cs", "C#", 14, 0, 0, 0, 0, 0, 0, 0, 0, 6, 20
"c:\Users\Ruix-Xuan Rao\Documents\OOAD\AnaysisModel\Pages\Shared\_Layout.cshtml", "ASP.NET Razor", 0, 0, 0, 48, 0, 0, 0, 0, 0, 6, 54
"c:\Users\Ruix-Xuan Rao\Documents\OOAD\AnaysisModel\Pages\Shared\_Layout.cshtml.css", "CSS", 0, 0, 0, 0, 38, 0, 0, 0, 2, 9, 49
"c:\Users\Ruix-Xuan Rao\Documents\OOAD\AnaysisModel\Pages\Shared\_ValidationScriptsPartial.cshtml", "ASP.NET Razor", 0, 0, 0, 2, 0, 0, 0, 0, 0, 1, 3
"c:\Users\Ruix-Xuan Rao\Documents\OOAD\AnaysisModel\Pages\_ViewImports.cshtml", "ASP.NET Razor", 0, 0, 0, 3, 0, 0, 0, 0, 0, 1, 4
"c:\Users\Ruix-Xuan Rao\Documents\OOAD\AnaysisModel\Pages\_ViewStart.cshtml", "ASP.NET Razor", 0, 0, 0, 3, 0, 0, 0, 0, 0, 1, 4
"c:\Users\Ruix-Xuan Rao\Documents\OOAD\AnaysisModel\Perdiction.cs", "C#", 16, 0, 0, 0, 0, 0, 0, 0, 0, 2, 18
"c:\Users\Ruix-Xuan Rao\Documents\OOAD\AnaysisModel\PredictionEngine.cs", "C#", 95, 0, 0, 0, 0, 0, 0, 0, 13, 25, 133
"c:\Users\Ruix-Xuan Rao\Documents\OOAD\AnaysisModel\Program.cs", "C#", 29, 0, 0, 0, 0, 0, 0, 0, 3, 13, 45
"c:\Users\Ruix-Xuan Rao\Documents\OOAD\AnaysisModel\Properties\launchSettings.json", "JSON", 0, 0, 38, 0, 0, 0, 0, 0, 0, 1, 39
"c:\Users\Ruix-Xuan Rao\Documents\OOAD\AnaysisModel\ROIPrediction.cs", "C#", 16, 0, 0, 0, 0, 0, 0, 0, 0, 2, 18
"c:\Users\Ruix-Xuan Rao\Documents\OOAD\AnaysisModel\Report.cs", "C#", 30, 0, 0, 0, 0, 0, 0, 0, 0, 4, 34
"c:\Users\Ruix-Xuan Rao\Documents\OOAD\AnaysisModel\Strategy.cs", "C#", 33, 0, 0, 0, 0, 0, 0, 0, 0, 9, 42
"c:\Users\Ruix-Xuan Rao\Documents\OOAD\AnaysisModel\appsettings.Development.json", "JSON", 0, 0, 9, 0, 0, 0, 0, 0, 0, 1, 10
"c:\Users\Ruix-Xuan Rao\Documents\OOAD\AnaysisModel\appsettings.json", "JSON", 0, 0, 9, 0, 0, 0, 0, 0, 0, 1, 10
"c:\Users\Ruix-Xuan Rao\Documents\OOAD\AnaysisModel\bin\Debug\net8.0\Anaysis Model.deps.json", "JSON", 0, 0, 23, 0, 0, 0, 0, 0, 0, 0, 23
"c:\Users\Ruix-Xuan Rao\Documents\OOAD\AnaysisModel\bin\Debug\net8.0\Anaysis Model.runtimeconfig.json", "JSON", 0, 0, 19, 0, 0, 0, 0, 0, 0, 0, 19
"c:\Users\Ruix-Xuan Rao\Documents\OOAD\AnaysisModel\bin\Debug\net8.0\Anaysis Model.staticwebassets.runtime.json", "JSON", 0, 0, 1, 0, 0, 0, 0, 0, 0, 0, 1
"c:\Users\Ruix-Xuan Rao\Documents\OOAD\AnaysisModel\bin\Debug\net8.0\AnaysisModel.deps.json", "JSON", 0, 0, 86, 0, 0, 0, 0, 0, 0, 0, 86
"c:\Users\Ruix-Xuan Rao\Documents\OOAD\AnaysisModel\bin\Debug\net8.0\AnaysisModel.runtimeconfig.json", "JSON", 0, 0, 19, 0, 0, 0, 0, 0, 0, 0, 19
"c:\Users\Ruix-Xuan Rao\Documents\OOAD\AnaysisModel\bin\Debug\net8.0\AnaysisModel.staticwebassets.runtime.json", "JSON", 0, 0, 1, 0, 0, 0, 0, 0, 0, 0, 1
"c:\Users\Ruix-Xuan Rao\Documents\OOAD\AnaysisModel\bin\Debug\net8.0\appsettings.Development.json", "JSON", 0, 0, 9, 0, 0, 0, 0, 0, 0, 1, 10
"c:\Users\Ruix-Xuan Rao\Documents\OOAD\AnaysisModel\bin\Debug\net8.0\appsettings.json", "JSON", 0, 0, 9, 0, 0, 0, 0, 0, 0, 1, 10
"c:\Users\Ruix-Xuan Rao\Documents\OOAD\AnaysisModel\bin\Release\net8.0\Anaysis Model.deps.json", "JSON", 0, 0, 23, 0, 0, 0, 0, 0, 0, 0, 23
"c:\Users\Ruix-Xuan Rao\Documents\OOAD\AnaysisModel\bin\Release\net8.0\Anaysis Model.runtimeconfig.json", "JSON", 0, 0, 20, 0, 0, 0, 0, 0, 0, 0, 20
"c:\Users\Ruix-Xuan Rao\Documents\OOAD\AnaysisModel\bin\Release\net8.0\Anaysis Model.staticwebassets.runtime.json", "JSON", 0, 0, 1, 0, 0, 0, 0, 0, 0, 0, 1
"c:\Users\Ruix-Xuan Rao\Documents\OOAD\AnaysisModel\bin\Release\net8.0\appsettings.Development.json", "JSON", 0, 0, 9, 0, 0, 0, 0, 0, 0, 1, 10
"c:\Users\Ruix-Xuan Rao\Documents\OOAD\AnaysisModel\bin\Release\net8.0\appsettings.json", "JSON", 0, 0, 9, 0, 0, 0, 0, 0, 0, 1, 10
"c:\Users\Ruix-Xuan Rao\Documents\OOAD\AnaysisModel\obj\Anaysis Model.csproj.nuget.dgspec.json", "JSON", 0, 0, 76, 0, 0, 0, 0, 0, 0, 0, 76
"c:\Users\Ruix-Xuan Rao\Documents\OOAD\AnaysisModel\obj\Anaysis Model.csproj.nuget.g.props", "XML", 0, 16, 0, 0, 0, 0, 0, 0, 0, 0, 16
"c:\Users\Ruix-Xuan Rao\Documents\OOAD\AnaysisModel\obj\Anaysis Model.csproj.nuget.g.targets", "XML", 0, 2, 0, 0, 0, 0, 0, 0, 0, 0, 2
"c:\Users\Ruix-Xuan Rao\Documents\OOAD\AnaysisModel\obj\AnaysisModel.csproj.nuget.dgspec.json", "JSON", 0, 0, 87, 0, 0, 0, 0, 0, 0, 0, 87
"c:\Users\Ruix-Xuan Rao\Documents\OOAD\AnaysisModel\obj\AnaysisModel.csproj.nuget.g.props", "XML", 0, 16, 0, 0, 0, 0, 0, 0, 0, 0, 16
"c:\Users\Ruix-Xuan Rao\Documents\OOAD\AnaysisModel\obj\AnaysisModel.csproj.nuget.g.targets", "XML", 0, 6, 0, 0, 0, 0, 0, 0, 0, 0, 6
"c:\Users\Ruix-Xuan Rao\Documents\OOAD\AnaysisModel\obj\Debug\net8.0\.NETCoreApp,Version=v8.0.AssemblyAttributes.cs", "C#", 3, 0, 0, 0, 0, 0, 0, 0, 1, 1, 5
"c:\Users\Ruix-Xuan Rao\Documents\OOAD\AnaysisModel\obj\Debug\net8.0\Anaysis Model.AssemblyInfo.cs", "C#", 9, 0, 0, 0, 0, 0, 0, 0, 9, 5, 23
"c:\Users\Ruix-Xuan Rao\Documents\OOAD\AnaysisModel\obj\Debug\net8.0\Anaysis Model.GeneratedMSBuildEditorConfig.editorconfig", "Properties", 0, 0, 0, 0, 0, 40, 0, 0, 0, 8, 48
"c:\Users\Ruix-Xuan Rao\Documents\OOAD\AnaysisModel\obj\Debug\net8.0\Anaysis Model.GlobalUsings.g.cs", "C#", 16, 0, 0, 0, 0, 0, 0, 0, 1, 1, 18
"c:\Users\Ruix-Xuan Rao\Documents\OOAD\AnaysisModel\obj\Debug\net8.0\Anaysis Model.RazorAssemblyInfo.cs", "C#", 4, 0, 0, 0, 0, 0, 0, 0, 9, 5, 18
"c:\Users\Ruix-Xuan Rao\Documents\OOAD\AnaysisModel\obj\Debug\net8.0\AnaysisModel.GeneratedMSBuildEditorConfig.editorconfig", "Properties", 0, 0, 0, 0, 0, 40, 0, 0, 0, 8, 48
"c:\Users\Ruix-Xuan Rao\Documents\OOAD\AnaysisModel\obj\Debug\net8.0\AnaysisModel.GlobalUsings.g.cs", "C#", 16, 0, 0, 0, 0, 0, 0, 0, 1, 1, 18
"c:\Users\Ruix-Xuan Rao\Documents\OOAD\AnaysisModel\obj\Debug\net8.0\AnaysisModel.RazorAssemblyInfo.cs", "C#", 4, 0, 0, 0, 0, 0, 0, 0, 9, 5, 18
"c:\Users\Ruix-Xuan Rao\Documents\OOAD\AnaysisModel\obj\Debug\net8.0\AnaysisModel.sourcelink.json", "JSON", 0, 0, 1, 0, 0, 0, 0, 0, 0, 0, 1
"c:\Users\Ruix-Xuan Rao\Documents\OOAD\AnaysisModel\obj\Debug\net8.0\scopedcss\Pages\Shared\_Layout.cshtml.rz.scp.css", "CSS", 0, 0, 0, 0, 38, 0, 0, 0, 2, 9, 49
"c:\Users\Ruix-Xuan Rao\Documents\OOAD\AnaysisModel\obj\Debug\net8.0\scopedcss\bundle\Anaysis Model.styles.css", "CSS", 0, 0, 0, 0, 38, 0, 0, 0, 3, 9, 50
"c:\Users\Ruix-Xuan Rao\Documents\OOAD\AnaysisModel\obj\Debug\net8.0\scopedcss\bundle\AnaysisModel.styles.css", "CSS", 0, 0, 0, 0, 38, 0, 0, 0, 3, 9, 50
"c:\Users\Ruix-Xuan Rao\Documents\OOAD\AnaysisModel\obj\Debug\net8.0\scopedcss\projectbundle\Anaysis Model.bundle.scp.css", "CSS", 0, 0, 0, 0, 38, 0, 0, 0, 3, 9, 50
"c:\Users\Ruix-Xuan Rao\Documents\OOAD\AnaysisModel\obj\Debug\net8.0\scopedcss\projectbundle\AnaysisModel.bundle.scp.css", "CSS", 0, 0, 0, 0, 38, 0, 0, 0, 3, 9, 50
"c:\Users\Ruix-Xuan Rao\Documents\OOAD\AnaysisModel\obj\Debug\net8.0\staticwebassets.build.json", "JSON", 0, 0, 1198, 0, 0, 0, 0, 0, 0, 0, 1198
"c:\Users\Ruix-Xuan Rao\Documents\OOAD\AnaysisModel\obj\Debug\net8.0\staticwebassets.development.json", "JSON", 0, 0, 1, 0, 0, 0, 0, 0, 0, 0, 1
"c:\Users\Ruix-Xuan Rao\Documents\OOAD\AnaysisModel\obj\Debug\net8.0\staticwebassets.pack.json", "JSON", 0, 0, 265, 0, 0, 0, 0, 0, 0, 0, 265
"c:\Users\Ruix-Xuan Rao\Documents\OOAD\AnaysisModel\obj\Debug\net8.0\staticwebassets\msbuild.Anaysis Model.Microsoft.AspNetCore.StaticWebAssets.props", "XML", 0, 980, 0, 0, 0, 0, 0, 0, 0, 0, 980
"c:\Users\Ruix-Xuan Rao\Documents\OOAD\AnaysisModel\obj\Debug\net8.0\staticwebassets\msbuild.AnaysisModel.Microsoft.AspNetCore.StaticWebAssets.props", "XML", 0, 980, 0, 0, 0, 0, 0, 0, 0, 0, 980
"c:\Users\Ruix-Xuan Rao\Documents\OOAD\AnaysisModel\obj\Debug\net8.0\staticwebassets\msbuild.build.Anaysis Model.props", "XML", 0, 3, 0, 0, 0, 0, 0, 0, 0, 0, 3
"c:\Users\Ruix-Xuan Rao\Documents\OOAD\AnaysisModel\obj\Debug\net8.0\staticwebassets\msbuild.build.AnaysisModel.props", "XML", 0, 3, 0, 0, 0, 0, 0, 0, 0, 0, 3
"c:\Users\Ruix-Xuan Rao\Documents\OOAD\AnaysisModel\obj\Debug\net8.0\staticwebassets\msbuild.buildMultiTargeting.Anaysis Model.props", "XML", 0, 3, 0, 0, 0, 0, 0, 0, 0, 0, 3
"c:\Users\Ruix-Xuan Rao\Documents\OOAD\AnaysisModel\obj\Debug\net8.0\staticwebassets\msbuild.buildMultiTargeting.AnaysisModel.props", "XML", 0, 3, 0, 0, 0, 0, 0, 0, 0, 0, 3
"c:\Users\Ruix-Xuan Rao\Documents\OOAD\AnaysisModel\obj\Debug\net8.0\staticwebassets\msbuild.buildTransitive.Anaysis Model.props", "XML", 0, 3, 0, 0, 0, 0, 0, 0, 0, 0, 3
"c:\Users\Ruix-Xuan Rao\Documents\OOAD\AnaysisModel\obj\Debug\net8.0\staticwebassets\msbuild.buildTransitive.AnaysisModel.props", "XML", 0, 3, 0, 0, 0, 0, 0, 0, 0, 0, 3
"c:\Users\Ruix-Xuan Rao\Documents\OOAD\AnaysisModel\obj\Release\net8.0\.NETCoreApp,Version=v8.0.AssemblyAttributes.cs", "C#", 3, 0, 0, 0, 0, 0, 0, 0, 1, 1, 5
"c:\Users\Ruix-Xuan Rao\Documents\OOAD\AnaysisModel\obj\Release\net8.0\Anaysis Model.AssemblyInfo.cs", "C#", 9, 0, 0, 0, 0, 0, 0, 0, 9, 5, 23
"c:\Users\Ruix-Xuan Rao\Documents\OOAD\AnaysisModel\obj\Release\net8.0\Anaysis Model.GeneratedMSBuildEditorConfig.editorconfig", "Properties", 0, 0, 0, 0, 0, 40, 0, 0, 0, 8, 48
"c:\Users\Ruix-Xuan Rao\Documents\OOAD\AnaysisModel\obj\Release\net8.0\Anaysis Model.GlobalUsings.g.cs", "C#", 16, 0, 0, 0, 0, 0, 0, 0, 1, 1, 18
"c:\Users\Ruix-Xuan Rao\Documents\OOAD\AnaysisModel\obj\Release\net8.0\Anaysis Model.RazorAssemblyInfo.cs", "C#", 4, 0, 0, 0, 0, 0, 0, 0, 9, 5, 18
"c:\Users\Ruix-Xuan Rao\Documents\OOAD\AnaysisModel\obj\Release\net8.0\scopedcss\Pages\Shared\_Layout.cshtml.rz.scp.css", "CSS", 0, 0, 0, 0, 38, 0, 0, 0, 2, 9, 49
"c:\Users\Ruix-Xuan Rao\Documents\OOAD\AnaysisModel\obj\Release\net8.0\scopedcss\bundle\Anaysis Model.styles.css", "CSS", 0, 0, 0, 0, 38, 0, 0, 0, 3, 9, 50
"c:\Users\Ruix-Xuan Rao\Documents\OOAD\AnaysisModel\obj\Release\net8.0\scopedcss\projectbundle\Anaysis Model.bundle.scp.css", "CSS", 0, 0, 0, 0, 38, 0, 0, 0, 3, 9, 50
"c:\Users\Ruix-Xuan Rao\Documents\OOAD\AnaysisModel\obj\Release\net8.0\staticwebassets.build.json", "JSON", 0, 0, 1198, 0, 0, 0, 0, 0, 0, 0, 1198
"c:\Users\Ruix-Xuan Rao\Documents\OOAD\AnaysisModel\obj\Release\net8.0\staticwebassets.development.json", "JSON", 0, 0, 1, 0, 0, 0, 0, 0, 0, 0, 1
"c:\Users\Ruix-Xuan Rao\Documents\OOAD\AnaysisModel\obj\Release\net8.0\staticwebassets.pack.json", "JSON", 0, 0, 265, 0, 0, 0, 0, 0, 0, 0, 265
"c:\Users\Ruix-Xuan Rao\Documents\OOAD\AnaysisModel\obj\Release\net8.0\staticwebassets\msbuild.Anaysis Model.Microsoft.AspNetCore.StaticWebAssets.props", "XML", 0, 980, 0, 0, 0, 0, 0, 0, 0, 0, 980
"c:\Users\Ruix-Xuan Rao\Documents\OOAD\AnaysisModel\obj\Release\net8.0\staticwebassets\msbuild.build.Anaysis Model.props", "XML", 0, 3, 0, 0, 0, 0, 0, 0, 0, 0, 3
"c:\Users\Ruix-Xuan Rao\Documents\OOAD\AnaysisModel\obj\Release\net8.0\staticwebassets\msbuild.buildMultiTargeting.Anaysis Model.props", "XML", 0, 3, 0, 0, 0, 0, 0, 0, 0, 0, 3
"c:\Users\Ruix-Xuan Rao\Documents\OOAD\AnaysisModel\obj\Release\net8.0\staticwebassets\msbuild.buildTransitive.Anaysis Model.props", "XML", 0, 3, 0, 0, 0, 0, 0, 0, 0, 0, 3
"c:\Users\Ruix-Xuan Rao\Documents\OOAD\AnaysisModel\obj\project.assets.json", "JSON", 0, 0, 315, 0, 0, 0, 0, 0, 0, 0, 315
"c:\Users\Ruix-Xuan Rao\Documents\OOAD\AnaysisModel\wwwroot\css\site.css", "CSS", 0, 0, 0, 0, 18, 0, 0, 0, 0, 4, 22
"c:\Users\Ruix-Xuan Rao\Documents\OOAD\AnaysisModel\wwwroot\js\site.js", "JavaScript", 0, 0, 0, 0, 0, 0, 0, 0, 3, 2, 5
"c:\Users\Ruix-Xuan Rao\Documents\OOAD\AnaysisModel\wwwroot\lib\bootstrap\dist\css\bootstrap-grid.css", "CSS", 0, 0, 0, 0, 3855, 0, 0, 0, 7, 1135, 4997
"c:\Users\Ruix-Xuan Rao\Documents\OOAD\AnaysisModel\wwwroot\lib\bootstrap\dist\css\bootstrap-grid.min.css", "CSS", 0, 0, 0, 0, 1, 0, 0, 0, 6, 0, 7
"c:\Users\Ruix-Xuan Rao\Documents\OOAD\AnaysisModel\wwwroot\lib\bootstrap\dist\css\bootstrap-grid.rtl.css", "CSS", 0, 0, 0, 0, 3855, 0, 0, 0, 7, 1134, 4996
"c:\Users\Ruix-Xuan Rao\Documents\OOAD\AnaysisModel\wwwroot\lib\bootstrap\dist\css\bootstrap-grid.rtl.min.css", "CSS", 0, 0, 0, 0, 1, 0, 0, 0, 6, 0, 7
"c:\Users\Ruix-Xuan Rao\Documents\OOAD\AnaysisModel\wwwroot\lib\bootstrap\dist\css\bootstrap-reboot.css", "CSS", 0, 0, 0, 0, 347, 0, 0, 0, 16, 64, 427
"c:\Users\Ruix-Xuan Rao\Documents\OOAD\AnaysisModel\wwwroot\lib\bootstrap\dist\css\bootstrap-reboot.min.css", "CSS", 0, 0, 0, 0, 1, 0, 0, 0, 7, 0, 8
"c:\Users\Ruix-Xuan Rao\Documents\OOAD\AnaysisModel\wwwroot\lib\bootstrap\dist\css\bootstrap-reboot.rtl.css", "CSS", 0, 0, 0, 0, 353, 0, 0, 0, 8, 63, 424
"c:\Users\Ruix-Xuan Rao\Documents\OOAD\AnaysisModel\wwwroot\lib\bootstrap\dist\css\bootstrap-reboot.rtl.min.css", "CSS", 0, 0, 0, 0, 1, 0, 0, 0, 7, 0, 8
"c:\Users\Ruix-Xuan Rao\Documents\OOAD\AnaysisModel\wwwroot\lib\bootstrap\dist\css\bootstrap-utilities.css", "CSS", 0, 0, 0, 0, 3729, 0, 0, 0, 9, 1128, 4866
"c:\Users\Ruix-Xuan Rao\Documents\OOAD\AnaysisModel\wwwroot\lib\bootstrap\dist\css\bootstrap-utilities.min.css", "CSS", 0, 0, 0, 0, 1, 0, 0, 0, 6, 0, 7
"c:\Users\Ruix-Xuan Rao\Documents\OOAD\AnaysisModel\wwwroot\lib\bootstrap\dist\css\bootstrap-utilities.rtl.css", "CSS", 0, 0, 0, 0, 3725, 0, 0, 0, 7, 1125, 4857
"c:\Users\Ruix-Xuan Rao\Documents\OOAD\AnaysisModel\wwwroot\lib\bootstrap\dist\css\bootstrap-utilities.rtl.min.css", "CSS", 0, 0, 0, 0, 1, 0, 0, 0, 6, 0, 7
"c:\Users\Ruix-Xuan Rao\Documents\OOAD\AnaysisModel\wwwroot\lib\bootstrap\dist\css\bootstrap.css", "CSS", 0, 0, 0, 0, 9453, 0, 0, 0, 27, 1741, 11221
"c:\Users\Ruix-Xuan Rao\Documents\OOAD\AnaysisModel\wwwroot\lib\bootstrap\dist\css\bootstrap.min.css", "CSS", 0, 0, 0, 0, 2, 0, 0, 0, 5, 0, 7
"c:\Users\Ruix-Xuan Rao\Documents\OOAD\AnaysisModel\wwwroot\lib\bootstrap\dist\css\bootstrap.rtl.css", "CSS", 0, 0, 0, 0, 9455, 0, 0, 0, 7, 1735, 11197
"c:\Users\Ruix-Xuan Rao\Documents\OOAD\AnaysisModel\wwwroot\lib\bootstrap\dist\css\bootstrap.rtl.min.css", "CSS", 0, 0, 0, 0, 2, 0, 0, 0, 5, 0, 7
"c:\Users\Ruix-Xuan Rao\Documents\OOAD\AnaysisModel\wwwroot\lib\bootstrap\dist\js\bootstrap.bundle.js", "JavaScript", 0, 0, 0, 0, 0, 0, 4846, 0, 584, 1351, 6781
"c:\Users\Ruix-Xuan Rao\Documents\OOAD\AnaysisModel\wwwroot\lib\bootstrap\dist\js\bootstrap.bundle.min.js", "JavaScript", 0, 0, 0, 0, 0, 0, 1, 0, 6, 0, 7
"c:\Users\Ruix-Xuan Rao\Documents\OOAD\AnaysisModel\wwwroot\lib\bootstrap\dist\js\bootstrap.esm.js", "JavaScript", 0, 0, 0, 0, 0, 0, 3418, 0, 495, 1065, 4978
"c:\Users\Ruix-Xuan Rao\Documents\OOAD\AnaysisModel\wwwroot\lib\bootstrap\dist\js\bootstrap.esm.min.js", "JavaScript", 0, 0, 0, 0, 0, 0, 1, 0, 6, 0, 7
"c:\Users\Ruix-Xuan Rao\Documents\OOAD\AnaysisModel\wwwroot\lib\bootstrap\dist\js\bootstrap.js", "JavaScript", 0, 0, 0, 0, 0, 0, 3457, 0, 501, 1069, 5027
"c:\Users\Ruix-Xuan Rao\Documents\OOAD\AnaysisModel\wwwroot\lib\bootstrap\dist\js\bootstrap.min.js", "JavaScript", 0, 0, 0, 0, 0, 0, 1, 0, 6, 0, 7
"c:\Users\Ruix-Xuan Rao\Documents\OOAD\AnaysisModel\wwwroot\lib\jquery-validation-unobtrusive\jquery.validate.unobtrusive.js", "JavaScript", 0, 0, 0, 0, 0, 0, 306, 0, 76, 54, 436
"c:\Users\Ruix-Xuan Rao\Documents\OOAD\AnaysisModel\wwwroot\lib\jquery-validation-unobtrusive\jquery.validate.unobtrusive.min.js", "JavaScript", 0, 0, 0, 0, 0, 0, 1, 0, 7, 0, 8
"c:\Users\Ruix-Xuan Rao\Documents\OOAD\AnaysisModel\wwwroot\lib\jquery-validation\LICENSE.md", "Markdown", 0, 0, 0, 0, 0, 0, 0, 18, 0, 5, 23
"c:\Users\Ruix-Xuan Rao\Documents\OOAD\AnaysisModel\wwwroot\lib\jquery-validation\dist\additional-methods.js", "JavaScript", 0, 0, 0, 0, 0, 0, 867, 0, 443, 202, 1512
"c:\Users\Ruix-Xuan Rao\Documents\OOAD\AnaysisModel\wwwroot\lib\jquery-validation\dist\additional-methods.min.js", "JavaScript", 0, 0, 0, 0, 0, 0, 1, 0, 3, 0, 4
"c:\Users\Ruix-Xuan Rao\Documents\OOAD\AnaysisModel\wwwroot\lib\jquery-validation\dist\jquery.validate.js", "JavaScript", 0, 0, 0, 0, 0, 0, 1228, 0, 189, 244, 1661
"c:\Users\Ruix-Xuan Rao\Documents\OOAD\AnaysisModel\wwwroot\lib\jquery-validation\dist\jquery.validate.min.js", "JavaScript", 0, 0, 0, 0, 0, 0, 1, 0, 3, 0, 4
"c:\Users\Ruix-Xuan Rao\Documents\OOAD\AnaysisModel\wwwroot\lib\jquery\dist\jquery.js", "JavaScript", 0, 0, 0, 0, 0, 0, 6895, 0, 1911, 2076, 10882
"c:\Users\Ruix-Xuan Rao\Documents\OOAD\AnaysisModel\wwwroot\lib\jquery\dist\jquery.min.js", "JavaScript", 0, 0, 0, 0, 0, 0, 1, 0, 1, 1, 3
"Total", "-", 876, 7463, 6035, 118, 35142, 133, 21024, 18, 4537, 14578, 89924